{"Areas":{"Right Ankle Jerk":{"Coordinates":[[-40.097,9.25861],[33.651798,8.1496],[33.651798,49.1828],[-41.760601,49.1828]],"Pos":[427.002014,487.890991],"Size":[1,1]},"Right Patellar Reflex":{"Coordinates":[[-40.097,9.25861],[33.651798,8.1496],[33.651798,49.1828],[-41.760601,49.1828]],"Pos":[136.826996,289.29599],"Size":[1,1]}},"Text":{"Right Ankle Jerk":true,"Right Patellar Reflex":true}}
